{
  "accuracy": 0.8005464480874317,
  "macro_precision": 0.6760925855753442,
  "macro_recall": 0.5350947805596302,
  "macro_f1": 0.5414548344383755,
  "weighted_f1": 0.7698631872717514,
  "quadratic_weighted_kappa": 0.8747520150941303,
  "matthews_correlation_coefficient": 0.6856561990309358,
  "macro_auc_ovr": 0.9426216691289154,
  "classification_report": {
    "No DR": {
      "precision": 0.9605911330049262,
      "recall": 0.9798994974874372,
      "f1-score": 0.9701492537313433,
      "support": 199.0
    },
    "Mild DR": {
      "precision": 0.5,
      "recall": 0.03333333333333333,
      "f1-score": 0.0625,
      "support": 30.0
    },
    "Moderate DR": {
      "precision": 0.5833333333333334,
      "recall": 0.8850574712643678,
      "f1-score": 0.7031963470319634,
      "support": 87.0
    },
    "Severe DR": {
      "precision": 0.46153846153846156,
      "recall": 0.35294117647058826,
      "f1-score": 0.4,
      "support": 17.0
    },
    "Proliferative DR": {
      "precision": 0.875,
      "recall": 0.42424242424242425,
      "f1-score": 0.5714285714285714,
      "support": 33.0
    },
    "accuracy": 0.8005464480874317,
    "macro avg": {
      "precision": 0.6760925855753442,
      "recall": 0.5350947805596302,
      "f1-score": 0.5414548344383755,
      "support": 366.0
    },
    "weighted avg": {
      "precision": 0.8022644516779622,
      "recall": 0.8005464480874317,
      "f1-score": 0.7698631872717514,
      "support": 366.0
    }
  },
  "confusion_matrix": [
    [
      195,
      0,
      4,
      0,
      0
    ],
    [
      3,
      1,
      26,
      0,
      0
    ],
    [
      5,
      1,
      77,
      3,
      1
    ],
    [
      0,
      0,
      10,
      6,
      1
    ],
    [
      0,
      0,
      15,
      4,
      14
    ]
  ]
}