{
  "accuracy": 0.7950819672131147,
  "macro_precision": 0.6559868397396713,
  "macro_recall": 0.502099513487284,
  "macro_f1": 0.5081012793176972,
  "weighted_f1": 0.7608227597376117,
  "quadratic_weighted_kappa": 0.8689203803317369,
  "matthews_correlation_coefficient": 0.6776892763618285,
  "macro_auc_ovr": 0.9416309886037185,
  "classification_report": {
    "No DR": {
      "precision": 0.9605911330049262,
      "recall": 0.9798994974874372,
      "f1-score": 0.9701492537313433,
      "support": 199.0
    },
    "Mild DR": {
      "precision": 0.5,
      "recall": 0.03333333333333333,
      "f1-score": 0.0625,
      "support": 30.0
    },
    "Moderate DR": {
      "precision": 0.5693430656934306,
      "recall": 0.896551724137931,
      "f1-score": 0.6964285714285714,
      "support": 87.0
    },
    "Severe DR": {
      "precision": 0.375,
      "recall": 0.17647058823529413,
      "f1-score": 0.24,
      "support": 17.0
    },
    "Proliferative DR": {
      "precision": 0.875,
      "recall": 0.42424242424242425,
      "f1-score": 0.5714285714285714,
      "support": 33.0
    },
    "accuracy": 0.7950819672131147,
    "macro avg": {
      "precision": 0.6559868397396713,
      "recall": 0.502099513487284,
      "f1-score": 0.5081012793176972,
      "support": 366.0
    },
    "weighted avg": {
      "precision": 0.7949193502276195,
      "recall": 0.7950819672131147,
      "f1-score": 0.7608227597376117,
      "support": 366.0
    }
  },
  "confusion_matrix": [
    [
      195,
      0,
      4,
      0,
      0
    ],
    [
      3,
      1,
      26,
      0,
      0
    ],
    [
      5,
      1,
      78,
      2,
      1
    ],
    [
      0,
      0,
      13,
      3,
      1
    ],
    [
      0,
      0,
      16,
      3,
      14
    ]
  ]
}